Region,Zone,Reef,Site,Transect,Apex,ApexSR,Tpred,TpredSR,Ntpred,NtpredSR,Mherb,MherbSR,Tgraz,TgrazSR,Coral,Macro,Turf,CCA,Rubble,Algae,All_Benthos,%Macro,%Turf
Swains,G,HP3,1,1,5.098039216,2.257883791,13,3.605551275,2,1.414213562,40,6.32455532,7,2.645751311,65,3,11,0,19,14,98,0.030612245,0.112244898
Swains,G,HP3,1,2,5.098039216,2.257883791,10,3.16227766,4,2,105,10.24695077,11,3.31662479,71,0,18,0,6,18,95,0,0.189473684
Swains,G,HP3,1,3,5.098039216,2.257883791,7,2.645751311,2,1.414213562,58,7.615773106,11,3.31662479,38,2,31,0,19,33,90,0.022222222,0.344444444
Swains,G,HP3,1,4,5.098039216,2.257883791,6,2.449489743,4,2,94,9.695359715,7,2.645751311,62,2,22,0,8,24,94,0.021276596,0.234042553
Swains,G,HP3,2,5,5.098039216,2.257883791,16,4,2,1.414213562,8,2.828427125,8,2.828427125,43,2,27,0,25,29,97,0.020618557,0.278350515
Swains,G,HP3,2,6,5.098039216,2.257883791,25,5,3,1.732050808,67,8.185352772,5,2.236067977,52,0,33,0,15,33,100,0,0.33
Swains,G,HP3,2,7,5.098039216,2.257883791,12,3.464101615,24,4.898979486,19,4.358898944,6,2.449489743,60,2,19,0,15,21,96,0.020833333,0.197916667
Swains,G,HP3,2,8,5.098039216,2.257883791,13,3.605551275,11,3.31662479,8,2.828427125,10,3.16227766,40,0,35,0,17,35,92,0,0.380434783
Swains,G,HP3,3,9,5.098039216,2.257883791,17,4.123105626,7,2.645751311,31,5.567764363,11,3.31662479,59,0,22,2,1,22,84,0,0.261904762
Swains,G,HP3,3,10,5.098039216,2.257883791,21,4.582575695,6,2.449489743,35,5.916079783,5,2.236067977,63,2,22,1,3,24,91,0.021978022,0.241758242
Swains,G,HP3,3,11,5.098039216,2.257883791,11,3.31662479,11,3.31662479,15,3.872983346,9,3,52,0,19,3,1,19,75,0,0.253333333
Swains,G,HP3,3,12,5.098039216,2.257883791,17,4.123105626,11,3.31662479,21,4.582575695,8,2.828427125,61,0,30,2,0,30,93,0,0.322580645
Swains,G,HP3,4,13,5.098039216,2.257883791,17,4.123105626,8,2.828427125,29,5.385164807,9,3,75,10,10,2,0,20,97,0.103092784,0.103092784
Swains,G,HP3,4,14,5.098039216,2.257883791,11,3.31662479,5,2.236067977,107,10.34408043,10,3.16227766,76,0,19,1,1,19,97,0,0.195876289
Swains,G,HP3,4,15,5.098039216,2.257883791,20,4.472135955,0,0,70,8.366600265,5,2.236067977,59,12,24,0,2,36,97,0.12371134,0.24742268
Swains,G,HP3,4,16,5.098039216,2.257883791,9,3,2,1.414213562,81,9,6,2.449489743,62,4,25,1,2,29,94,0.042553191,0.265957447
Swains,P,Bell,5,17,4.931824775,2.220771212,4,2,1,1,10,3.16227766,20,4.472135955,57,2,27,3,3,29,92,0.02173913,0.293478261
Swains,P,Bell,5,18,4.931824775,2.220771212,4,2,0,0,11,3.31662479,21,4.582575695,39,5,40,2,1,45,87,0.057471264,0.459770115
Swains,P,Bell,5,19,4.931824775,2.220771212,1,1,0,0,19,4.358898944,16,4,48,2,35,4,0,37,89,0.02247191,0.393258427
Swains,P,Bell,5,20,4.931824775,2.220771212,6,2.449489743,1,1,44,6.633249581,23,4.795831523,40,1,38,3,0,39,82,0.012195122,0.463414634
Swains,P,Bell,6,21,4.931824775,2.220771212,3,1.732050808,1,1,36,6,22,4.69041576,54,0,27,3,3,27,87,0,0.310344828
Swains,P,Bell,6,22,4.931824775,2.220771212,1,1,7,2.645751311,13,3.605551275,19,4.358898944,41,6,24,12,9,30,92,0.065217391,0.260869565
Swains,P,Bell,6,23,4.931824775,2.220771212,2,1.414213562,2,1.414213562,45,6.708203932,10,3.16227766,61,2,22,2,8,24,95,0.021052632,0.231578947
Swains,P,Bell,6,24,4.931824775,2.220771212,5,2.236067977,1,1,34,5.830951895,16,4,47,2,25,11,8,27,93,0.021505376,0.268817204
Swains,P,Bell,7,25,4.931824775,2.220771212,3,1.732050808,2,1.414213562,77,8.774964387,24,4.898979486,38,1,28,4,18,29,89,0.011235955,0.314606742
Swains,P,Bell,7,26,4.931824775,2.220771212,2,1.414213562,0,0,90,9.486832981,10,3.16227766,44,3,25,2,14,28,88,0.034090909,0.284090909
Swains,P,Bell,7,27,4.931824775,2.220771212,7,2.645751311,1,1,26,5.099019514,7,2.645751311,39,0,20,4,13,20,76,0,0.263157895
Swains,P,Bell,7,28,4.931824775,2.220771212,3,1.732050808,43,6.557438524,100,10,11,3.31662479,33,1,34,0,19,35,87,0.011494253,0.390804598
Swains,B,HP2,8,29,3.647586981,1.909865697,5,2.236067977,5,2.236067977,82,9.055385138,10,3.16227766,81,0,14,1,2,14,98,0,0.142857143
Swains,B,HP2,8,30,3.647586981,1.909865697,16,4,2,1.414213562,29,5.385164807,7,2.645751311,84,0,15,0,0,15,99,0,0.151515152
Swains,B,HP2,8,31,3.647586981,1.909865697,4,2,5,2.236067977,18,4.242640687,7,2.645751311,78,0,20,0,2,20,100,0,0.2
Swains,B,HP2,8,32,3.647586981,1.909865697,4,2,3,1.732050808,17,4.123105626,7,2.645751311,81,0,17,0,0,17,98,0,0.173469388
Swains,B,HP2,9,33,3.647586981,1.909865697,1,1,1,1,37,6.08276253,12,3.464101615,68,3,24,0,1,27,96,0.03125,0.25
Swains,B,HP2,9,34,3.647586981,1.909865697,2,1.414213562,2,1.414213562,29,5.385164807,9,3,69,3,24,0,3,27,99,0.03030303,0.242424242
Swains,B,HP2,9,35,3.647586981,1.909865697,3,1.732050808,0,0,37,6.08276253,14,3.741657387,62,1,27,1,8,28,99,0.01010101,0.272727273
Swains,B,HP2,9,36,3.647586981,1.909865697,2,1.414213562,2,1.414213562,12,3.464101615,11,3.31662479,51,9,19,0,19,28,98,0.091836735,0.193877551
Swains,B,HP2,10,37,3.647586981,1.909865697,5,2.236067977,0,0,15,3.872983346,10,3.16227766,49,0,38,0,7,38,94,0,0.404255319
Swains,B,HP2,10,38,3.647586981,1.909865697,9,3,1,1,16,4,8,2.828427125,36,0,52,0,7,52,95,0,0.547368421
Swains,B,HP2,10,39,3.647586981,1.909865697,7,2.645751311,5,2.236067977,8,2.828427125,13,3.605551275,53,0,41,2,2,41,98,0,0.418367347
Swains,B,HP2,10,40,3.647586981,1.909865697,8,2.828427125,1,1,16,4,8,2.828427125,66,0,32,0,1,32,99,0,0.323232323
Swains,B,HP2,11,41,3.647586981,1.909865697,2,1.414213562,3,1.732050808,13,3.605551275,12,3.464101615,55,0,20,1,22,20,98,0,0.204081633
Swains,B,HP2,11,42,3.647586981,1.909865697,8,2.828427125,2,1.414213562,22,4.69041576,12,3.464101615,64,0,24,0,12,24,100,0,0.24
Swains,B,HP2,11,43,3.647586981,1.909865697,4,2,6,2.449489743,19,4.358898944,17,4.123105626,58,0,33,1,7,33,99,0,0.333333333
Swains,B,HP2,11,44,3.647586981,1.909865697,9,3,7,2.645751311,13,3.605551275,16,4,57,0,38,0,2,38,97,0,0.391752577
Swains,B,21-466,12,45,0.685871056,0.828173325,2,1.414213562,4,2,24,4.898979486,10,3.16227766,43,8,35,0,14,43,100,0.08,0.35
Swains,B,21-466,12,46,0.685871056,0.828173325,3,1.732050808,2,1.414213562,30,5.477225575,11,3.31662479,40,3,33,0,22,36,98,0.030612245,0.336734694
Swains,B,21-466,12,47,0.685871056,0.828173325,2,1.414213562,6,2.449489743,51,7.141428429,11,3.31662479,40,9,25,0,26,34,100,0.09,0.25
Swains,B,21-466,12,48,0.685871056,0.828173325,4,2,4,2,12,3.464101615,9,3,61,7,18,0,14,25,100,0.07,0.18
Swains,B,21-466,13,49,0.685871056,0.828173325,7,2.645751311,0,0,21,4.582575695,9,3,54,0,18,0,24,18,96,0,0.1875
Swains,B,21-466,13,50,0.685871056,0.828173325,5,2.236067977,5,2.236067977,29,5.385164807,8,2.828427125,48,0,28,0,23,28,99,0,0.282828283
Swains,B,21-466,13,51,0.685871056,0.828173325,3,1.732050808,2,1.414213562,18,4.242640687,4,2,34,4,31,0,31,35,100,0.04,0.31
Swains,B,21-466,14,52,0.685871056,0.828173325,5,2.236067977,5,2.236067977,26,5.099019514,6,2.449489743,62,4,20,0,13,24,99,0.04040404,0.202020202
Swains,B,21-466,14,53,0.685871056,0.828173325,7,2.645751311,1,1,24,4.898979486,9,3,46,8,14,1,31,22,100,0.08,0.14
Swains,B,21-466,14,54,0.685871056,0.828173325,7,2.645751311,2,1.414213562,18,4.242640687,7,2.645751311,55,2,23,0,18,25,98,0.020408163,0.234693878
Swains,B,21-466,14,55,0.685871056,0.828173325,7,2.645751311,2,1.414213562,26,5.099019514,13,3.605551275,40,3,31,0,25,34,99,0.03030303,0.313131313
Swains,B,21-466,15,56,0.685871056,0.828173325,2,1.414213562,2,1.414213562,21,4.582575695,6,2.449489743,51,7,14,0,27,21,99,0.070707071,0.141414141
Swains,B,21-466,15,57,0.685871056,0.828173325,4,2,8,2.828427125,17,4.123105626,8,2.828427125,52,0,30,0,18,30,100,0,0.3
Swains,B,21-466,15,58,0.685871056,0.828173325,12,3.464101615,5,2.236067977,18,4.242640687,16,4,66,0,23,0,7,23,96,0,0.239583333
Swains,G,21-544,16,59,4.261363636,2.06430706,8,2.828427125,3,1.732050808,17,4.123105626,19,4.358898944,53,11,21,0,12,32,97,0.113402062,0.216494845
Swains,G,21-544,16,60,4.261363636,2.06430706,11,3.31662479,19,4.358898944,58,7.615773106,18,4.242640687,60,4,17,2,17,21,100,0.04,0.17
Swains,G,21-544,16,61,4.261363636,2.06430706,9,3,2,1.414213562,23,4.795831523,18,4.242640687,31,1,31,2,35,32,100,0.01,0.31
Swains,G,21-544,16,62,4.261363636,2.06430706,9,3,7,2.645751311,34,5.830951895,8,2.828427125,36,1,15,0,46,16,98,0.010204082,0.153061224
Swains,G,21-544,17,63,4.261363636,2.06430706,17,4.123105626,15,3.872983346,26,5.099019514,19,4.358898944,49,9,20,2,17,29,97,0.092783505,0.206185567
Swains,G,21-544,17,64,4.261363636,2.06430706,5,2.236067977,1,1,37,6.08276253,14,3.741657387,43,14,19,2,19,33,97,0.144329897,0.195876289
Swains,G,21-544,17,65,4.261363636,2.06430706,8,2.828427125,5,2.236067977,44,6.633249581,20,4.472135955,39,3,19,0,38,22,99,0.03030303,0.191919192
Swains,G,21-544,17,66,4.261363636,2.06430706,7,2.645751311,14,3.741657387,40,6.32455532,17,4.123105626,30,10,30,0,29,40,99,0.101010101,0.303030303
Swains,G,21-544,18,67,4.261363636,2.06430706,16,4,22,4.69041576,19,4.358898944,10,3.16227766,34,3,17,1,45,20,100,0.03,0.17
Swains,G,21-544,18,68,4.261363636,2.06430706,16,4,0,0,30,5.477225575,10,3.16227766,44,2,33,4,15,35,98,0.020408163,0.336734694
Swains,G,21-544,18,69,4.261363636,2.06430706,9,3,2,1.414213562,52,7.211102551,8,2.828427125,38,1,26,4,29,27,98,0.010204082,0.265306122
Swains,G,21-544,18,70,4.261363636,2.06430706,3,1.732050808,4,2,14,3.741657387,18,4.242640687,12,6,17,4,60,23,99,0.060606061,0.171717172
Swains,G,21-544,19,71,4.261363636,2.06430706,12,3.464101615,4,2,30,5.477225575,14,3.741657387,21,3,14,1,60,17,99,0.03030303,0.141414141
Swains,G,21-544,19,72,4.261363636,2.06430706,5,2.236067977,4,2,8,2.828427125,13,3.605551275,28,1,15,4,52,16,100,0.01,0.15
Swains,G,21-544,19,73,4.261363636,2.06430706,12,3.464101615,4,2,21,4.582575695,19,4.358898944,40,5,33,1,20,38,99,0.050505051,0.333333333
Swains,G,21-544,19,74,4.261363636,2.06430706,11,3.31662479,9,3,25,5,29,5.385164807,32,3,30,3,32,33,100,0.03,0.3
Swains,P,21-507,20,75,4.501969612,2.121784535,15,3.872983346,6,2.449489743,51,7.141428429,18,4.242640687,42,0,8,1,34,8,85,0,0.094117647
Swains,P,21-507,20,76,4.501969612,2.121784535,15,3.872983346,3,1.732050808,46,6.782329983,25,5,34,1,6,1,50,7,92,0.010869565,0.065217391
Swains,P,21-507,20,77,4.501969612,2.121784535,3,1.732050808,7,2.645751311,44,6.633249581,29,5.385164807,33,0,4,0,47,4,84,0,0.047619048
Swains,P,21-507,20,78,4.501969612,2.121784535,22,4.69041576,3,1.732050808,94,9.695359715,20,4.472135955,24,2,6,0,61,8,93,0.021505376,0.064516129
Swains,P,21-507,21,79,4.501969612,2.121784535,6,2.449489743,2,1.414213562,99,9.949874371,25,5,56,1,34,0,0,35,91,0.010989011,0.373626374
Swains,P,21-507,21,80,4.501969612,2.121784535,10,3.16227766,1,1,39,6.244997998,21,4.582575695,51,1,38,0,0,39,90,0.011111111,0.422222222
Swains,P,21-507,21,81,4.501969612,2.121784535,9,3,9,3,46,6.782329983,25,5,38,0,47,0,0,47,85,0,0.552941176
Swains,P,21-507,21,82,4.501969612,2.121784535,11,3.31662479,5,2.236067977,20,4.472135955,23,4.795831523,55,0,33,0,0,33,88,0,0.375
Swains,P,21-507,22,83,4.501969612,2.121784535,10,3.16227766,4,2,67,8.185352772,27,5.196152423,57,6,25,3,7,31,98,0.06122449,0.255102041
Swains,P,21-507,22,84,4.501969612,2.121784535,5,2.236067977,4,2,49,7,29,5.385164807,36,6,38,1,13,44,94,0.063829787,0.404255319
Swains,P,21-507,22,85,4.501969612,2.121784535,7,2.645751311,1,1,86,9.273618495,42,6.480740698,41,3,38,3,0,41,85,0.035294118,0.447058824
Swains,P,21-507,22,86,4.501969612,2.121784535,15,3.872983346,4,2,63,7.937253933,32,5.656854249,39,0,48,4,3,48,94,0,0.510638298
Swains,P,21-507,23,87,4.501969612,2.121784535,9,3,1,1,39,6.244997998,38,6.164414003,56,3,32,4,3,35,98,0.030612245,0.326530612
Swains,P,21-507,23,88,4.501969612,2.121784535,7,2.645751311,2,1.414213562,29,5.385164807,19,4.358898944,36,7,43,6,5,50,97,0.072164948,0.443298969
Swains,P,21-507,23,89,4.501969612,2.121784535,4,2,2,1.414213562,25,5,13,3.605551275,25,5,52,2,11,57,95,0.052631579,0.547368421
Swains,P,21-507,23,90,4.501969612,2.121784535,5,2.236067977,8,2.828427125,18,4.242640687,27,5.196152423,48,6,31,0,11,37,96,0.0625,0.322916667
Swains,G,Recreation,24,91,3.857280617,1.963996084,5,2.236067977,4,2,35,5.916079783,16,4,20,0,78,0,2,78,100,0,0.78
Swains,G,Recreation,24,92,3.857280617,1.963996084,6,2.449489743,2,1.414213562,16,4,14,3.741657387,29,0,58,0,13,58,100,0,0.58
Swains,G,Recreation,24,93,3.857280617,1.963996084,4,2,3,1.732050808,47,6.8556546,15,3.872983346,24,0,69,0,6,69,99,0,0.696969697
Swains,G,Recreation,24,94,3.857280617,1.963996084,16,4,3,1.732050808,44,6.633249581,17,4.123105626,21,0,76,0,3,76,100,0,0.76
Swains,G,Recreation,25,95,3.857280617,1.963996084,13,3.605551275,6,2.449489743,31,5.567764363,11,3.31662479,22,1,63,0,14,64,100,0.01,0.63
Swains,G,Recreation,25,96,3.857280617,1.963996084,4,2,5,2.236067977,23,4.795831523,23,4.795831523,44,0,53,0,0,53,97,0,0.546391753
Swains,G,Recreation,25,97,3.857280617,1.963996084,15,3.872983346,14,3.741657387,70,8.366600265,15,3.872983346,27,0,69,0,3,69,99,0,0.696969697
Swains,G,Recreation,25,98,3.857280617,1.963996084,9,3,6,2.449489743,39,6.244997998,18,4.242640687,53,0,44,0,0,44,97,0,0.453608247
Swains,G,Recreation,26,99,3.857280617,1.963996084,5,2.236067977,3,1.732050808,20,4.472135955,11,3.31662479,16,1,2,0,80,3,99,0.01010101,0.02020202
Swains,G,Recreation,26,100,3.857280617,1.963996084,9,3,11,3.31662479,35,5.916079783,14,3.741657387,13,1,5,4,72,6,95,0.010526316,0.052631579
Swains,G,Recreation,26,101,3.857280617,1.963996084,12,3.464101615,8,2.828427125,29,5.385164807,8,2.828427125,22,0,1,1,73,1,97,0,0.010309278
Swains,G,Recreation,26,102,3.857280617,1.963996084,6,2.449489743,9,3,23,4.795831523,14,3.741657387,31,0,0,0,63,0,94,0,0
Swains,G,Recreation,27,103,3.857280617,1.963996084,9,3,5,2.236067977,21,4.582575695,6,2.449489743,23,0,3,0,73,3,99,0,0.03030303
Swains,G,Recreation,27,104,3.857280617,1.963996084,3,1.732050808,11,3.31662479,30,5.477225575,23,4.795831523,37,0,10,1,47,10,95,0,0.105263158
Swains,G,Recreation,27,105,3.857280617,1.963996084,11,3.31662479,10,3.16227766,22,4.69041576,17,4.123105626,21,1,9,0,66,10,97,0.010309278,0.092783505
Swains,G,Recreation,27,106,3.857280617,1.963996084,6,2.449489743,5,2.236067977,26,5.099019514,22,4.69041576,31,0,6,0,60,6,97,0,0.06185567
Swains,B,21-500,28,107,2.695976773,1.641942987,4,2,2,1.414213562,3,1.732050808,0,0,13,0,17,25,45,17,100,0,0.17
Swains,B,21-500,28,108,2.695976773,1.641942987,2,1.414213562,3,1.732050808,7,2.645751311,11,3.31662479,27,0,15,15,42,15,99,0,0.151515152
Swains,B,21-500,28,109,2.695976773,1.641942987,2,1.414213562,0,0,42,6.480740698,10,3.16227766,13,0,7,20,59,7,99,0,0.070707071
Swains,B,21-500,28,110,2.695976773,1.641942987,5,2.236067977,3,1.732050808,51,7.141428429,11,3.31662479,20,0,19,7,53,19,99,0,0.191919192
Swains,B,21-500,29,111,2.695976773,1.641942987,2,1.414213562,1,1,12,3.464101615,5,2.236067977,29,0,10,18,42,10,99,0,0.101010101
Swains,B,21-500,29,112,2.695976773,1.641942987,1,1,3,1.732050808,8,2.828427125,6,2.449489743,16,0,4,22,58,4,100,0,0.04
Swains,B,21-500,29,113,2.695976773,1.641942987,3,1.732050808,0,0,8,2.828427125,2,1.414213562,16,0,6,20,58,6,100,0,0.06
Swains,B,21-500,29,114,2.695976773,1.641942987,1,1,6,2.449489743,17,4.123105626,10,3.16227766,22,0,17,10,51,17,100,0,0.17
Swains,B,21-500,30,115,2.695976773,1.641942987,4,2,3,1.732050808,32,5.656854249,26,5.099019514,26,0,24,10,40,24,100,0,0.24
Swains,B,21-500,30,116,2.695976773,1.641942987,4,2,6,2.449489743,55,7.416198487,28,5.291502622,21,0,27,7,45,27,100,0,0.27
Swains,B,21-500,30,117,2.695976773,1.641942987,3,1.732050808,10,3.16227766,43,6.557438524,38,6.164414003,24,0,33,17,26,33,100,0,0.33
Swains,B,21-500,30,118,2.695976773,1.641942987,13,3.605551275,23,4.795831523,87,9.327379053,27,5.196152423,20,0,17,16,46,17,99,0,0.171717172
Swains,B,21-500,31,119,2.695976773,1.641942987,2,1.414213562,1,1,15,3.872983346,29,5.385164807,22,0,31,18,29,31,100,0,0.31
Swains,B,21-500,31,120,2.695976773,1.641942987,2,1.414213562,1,1,31,5.567764363,38,6.164414003,29,0,36,13,22,36,100,0,0.36
Swains,B,21-500,31,121,2.695976773,1.641942987,1,1,1,1,26,5.099019514,30,5.477225575,21,0,24,14,40,24,99,0,0.242424242
Swains,B,21-500,31,122,2.695976773,1.641942987,4,2,1,1,28,5.291502622,22,4.69041576,14,0,42,3,41,42,100,0,0.42
Swains,P,Frigate,32,123,6.054131054,2.460514388,12,3.464101615,6,2.449489743,69,8.306623863,20,4.472135955,70,0,30,0,0,30,100,0,0.3
Swains,P,Frigate,32,124,6.054131054,2.460514388,12,3.464101615,7,2.645751311,69,8.306623863,27,5.196152423,82,0,18,0,0,18,100,0,0.18
Swains,P,Frigate,32,125,6.054131054,2.460514388,10,3.16227766,6,2.449489743,25,5,13,3.605551275,67,0,25,1,5,25,98,0,0.255102041
Swains,P,Frigate,32,126,6.054131054,2.460514388,15,3.872983346,4,2,19,4.358898944,16,4,60,0,23,0,14,23,97,0,0.237113402
Swains,P,Frigate,33,127,6.054131054,2.460514388,4,2,10,3.16227766,46,6.782329983,13,3.605551275,65,0,28,0,5,28,98,0,0.285714286
Swains,P,Frigate,33,129,6.054131054,2.460514388,9,3,10,3.16227766,37,6.08276253,37,6.08276253,52,0,32,2,6,32,92,0,0.347826087
Swains,P,Frigate,33,130,6.054131054,2.460514388,4,2,6,2.449489743,58,7.615773106,43,6.557438524,27,0,56,0,17,56,100,0,0.56
Swains,P,Frigate,34,131,6.054131054,2.460514388,7,2.645751311,1,1,22,4.69041576,3,1.732050808,13,0,43,2,40,43,98,0,0.43877551
Swains,P,Frigate,34,132,6.054131054,2.460514388,2,1.414213562,1,1,24,4.898979486,20,4.472135955,22,1,20,2,54,21,99,0.01010101,0.202020202
Swains,P,Frigate,34,133,6.054131054,2.460514388,16,4,15,3.872983346,44,6.633249581,18,4.242640687,9,0,57,4,25,57,95,0,0.6
Swains,P,Frigate,34,134,6.054131054,2.460514388,7,2.645751311,4,2,39,6.244997998,15,3.872983346,24,0,4,2,66,4,96,0,0.041666667
Swains,P,Frigate,35,135,6.054131054,2.460514388,3,1.732050808,3,1.732050808,11,3.31662479,1,1,10,0,84,0,4,84,98,0,0.857142857
Swains,P,Frigate,35,136,6.054131054,2.460514388,3,1.732050808,10,3.16227766,22,4.69041576,4,2,17,0,78,0,2,78,97,0,0.804123711
Swains,P,Frigate,35,137,6.054131054,2.460514388,10,3.16227766,8,2.828427125,14,3.741657387,8,2.828427125,20,0,75,0,4,75,99,0,0.757575758
Swains,P,Frigate,35,138,6.054131054,2.460514388,10,3.16227766,4,2,16,4,7,2.645751311,22,0,74,0,2,74,98,0,0.755102041
Ribbon,P,Carter,36,139,5.730659026,2.393879493,0,0,21,4.582575695,204,14.28285686,51,7.141428429,46,1,0,24,4,1,75,0.013333333,0
Ribbon,P,Carter,36,140,5.730659026,2.393879493,0,0,5,2.236067977,161,12.68857754,46,6.782329983,23,2,26,19,24,28,94,0.021276596,0.276595745
Ribbon,P,Carter,36,141,5.730659026,2.393879493,0,0,10,3.16227766,101,10.04987562,39,6.244997998,39,1,26,19,13,27,98,0.010204082,0.265306122
Ribbon,P,Carter,36,142,5.730659026,2.393879493,1,1,6,2.449489743,86,9.273618495,32,5.656854249,38,3,22,16,19,25,98,0.030612245,0.224489796
Ribbon,P,Carter,37,143,5.730659026,2.393879493,0,0,9,3,88,9.38083152,27,5.196152423,49,0,0,38,0,0,87,0,0
Ribbon,P,Carter,37,144,5.730659026,2.393879493,0,0,26,5.099019514,76,8.717797887,17,4.123105626,48,1,3,68,7,4,127,0.007874016,0.023622047
Ribbon,P,Carter,37,145,5.730659026,2.393879493,0,0,18,4.242640687,105,10.24695077,18,4.242640687,38,0,1,55,3,1,97,0,0.010309278
Ribbon,P,Carter,37,146,5.730659026,2.393879493,0,0,6,2.449489743,103,10.14889157,21,4.582575695,52,0,0,42,0,0,94,0,0
Ribbon,P,Carter,38,147,5.730659026,2.393879493,0,0,59,7.681145748,63,7.937253933,29,5.385164807,28,2,27,33,1,29,91,0.021978022,0.296703297
Ribbon,P,Carter,38,148,5.730659026,2.393879493,0,0,21,4.582575695,106,10.29563014,48,6.92820323,29,3,18,42,2,21,94,0.031914894,0.191489362
Ribbon,P,Carter,38,149,5.730659026,2.393879493,1,1,7,2.645751311,75,8.660254038,16,4,32,0,11,49,0,11,92,0,0.119565217
Ribbon,P,Carter,38,150,5.730659026,2.393879493,0,0,7,2.645751311,110,10.48808848,30,5.477225575,31,7,12,32,1,19,83,0.084337349,0.144578313
Ribbon,P,Carter,39,151,5.730659026,2.393879493,0,0,4,2,83,9.110433579,22,4.69041576,33,2,14,39,0,16,88,0.022727273,0.159090909
Ribbon,P,Carter,39,152,5.730659026,2.393879493,0,0,28,5.291502622,95,9.746794345,20,4.472135955,30,5,12,41,0,17,88,0.056818182,0.136363636
Ribbon,P,Carter,39,153,5.730659026,2.393879493,0,0,15,3.872983346,138,11.74734012,29,5.385164807,22,1,38,27,0,39,88,0.011363636,0.431818182
Ribbon,P,Carter,39,154,5.730659026,2.393879493,0,0,12,3.464101615,114,10.67707825,22,4.69041576,38,0,16,40,0,16,94,0,0.170212766
Ribbon,P,Hilder,40,155,6.185931425,2.487153277,6,2.449489743,5,2.236067977,153,12.36931688,6,2.449489743,46,0,27,5,4,27,82,0,0.329268293
Ribbon,P,Hilder,40,156,6.185931425,2.487153277,1,1,27,5.196152423,153,12.36931688,14,3.741657387,54,0,30,4,0,30,88,0,0.340909091
Ribbon,P,Hilder,40,157,6.185931425,2.487153277,2,1.414213562,10,3.16227766,111,10.53565375,2,1.414213562,54,1,23,2,2,24,82,0.012195122,0.280487805
Ribbon,P,Hilder,40,158,6.185931425,2.487153277,1,1,9,3,163,12.76714533,1,1,45,3,29,3,2,32,82,0.036585366,0.353658537
Ribbon,P,Hilder,41,159,6.185931425,2.487153277,2,1.414213562,2,1.414213562,35,5.916079783,12,3.464101615,13,6,47,2,23,53,91,0.065934066,0.516483516
Ribbon,P,Hilder,41,160,6.185931425,2.487153277,0,0,1,1,19,4.358898944,24,4.898979486,29,1,32,3,9,33,74,0.013513514,0.432432432
Ribbon,P,Hilder,41,161,6.185931425,2.487153277,1,1,1,1,43,6.557438524,34,5.830951895,20,3,34,4,14,37,75,0.04,0.453333333
Ribbon,P,Hilder,41,162,6.185931425,2.487153277,2,1.414213562,11,3.31662479,65,8.062257748,35,5.916079783,23,2,47,0,1,49,73,0.02739726,0.643835616
Ribbon,P,Hilder,42,163,6.185931425,2.487153277,0,0,6,2.449489743,56,7.483314774,33,5.744562647,57,0,22,5,9,22,93,0,0.23655914
Ribbon,P,Hilder,42,164,6.185931425,2.487153277,1,1,13,3.605551275,67,8.185352772,35,5.916079783,31,6,26,5,18,32,86,0.069767442,0.302325581
Ribbon,P,Hilder,42,165,6.185931425,2.487153277,3,1.732050808,20,4.472135955,141,11.87434209,32,5.656854249,38,1,22,10,16,23,87,0.011494253,0.252873563
Ribbon,P,Hilder,43,166,6.185931425,2.487153277,1,1,7,2.645751311,12,3.464101615,24,4.898979486,31,6,24,10,7,30,78,0.076923077,0.307692308
Ribbon,P,Hilder,43,167,6.185931425,2.487153277,3,1.732050808,8,2.828427125,19,4.358898944,29,5.385164807,54,1,31,2,7,32,95,0.010526316,0.326315789
Ribbon,P,Hilder,43,168,6.185931425,2.487153277,0,0,8,2.828427125,28,5.291502622,19,4.358898944,46,0,37,5,9,37,97,0,0.381443299
Ribbon,P,Hilder,43,169,6.185931425,2.487153277,0,0,5,2.236067977,13,3.605551275,43,6.557438524,51,0,28,8,3,28,90,0,0.311111111
Ribbon,G,Yonge,44,170,1.522739578,1.233993346,0,0,6,2.449489743,101,10.04987562,32,5.656854249,20,0,50,26,3,50,99,0,0.505050505
Ribbon,G,Yonge,44,171,1.522739578,1.233993346,0,0,6,2.449489743,91,9.539392014,11,3.31662479,26,0,38,30,0,38,94,0,0.404255319
Ribbon,G,Yonge,44,172,1.522739578,1.233993346,0,0,4,2,76,8.717797887,39,6.244997998,28,2,56,13,0,58,99,0.02020202,0.565656566
Ribbon,G,Yonge,44,173,1.522739578,1.233993346,0,0,3,1.732050808,60,7.745966692,39,6.244997998,37,0,32,31,0,32,100,0,0.32
Ribbon,G,Yonge,45,174,1.522739578,1.233993346,0,0,4,2,73,8.544003745,29,5.385164807,25,2,45,23,0,47,95,0.021052632,0.473684211
Ribbon,G,Yonge,45,175,1.522739578,1.233993346,0,0,2,1.414213562,77,8.774964387,33,5.744562647,20,0,33,30,0,33,83,0,0.397590361
Ribbon,G,Yonge,45,176,1.522739578,1.233993346,0,0,13,3.605551275,87,9.327379053,23,4.795831523,19,0,53,27,0,53,99,0,0.535353535
Ribbon,G,Yonge,46,177,1.522739578,1.233993346,0,0,10,3.16227766,102,10.09950494,29,5.385164807,61,3,19,13,0,22,96,0.03125,0.197916667
Ribbon,G,Yonge,46,178,1.522739578,1.233993346,0,0,12,3.464101615,102,10.09950494,39,6.244997998,39,1,32,20,0,33,92,0.010869565,0.347826087
Ribbon,G,Yonge,46,179,1.522739578,1.233993346,0,0,9,3,129,11.35781669,23,4.795831523,38,2,28,17,0,30,85,0.023529412,0.329411765
Ribbon,G,Yonge,46,180,1.522739578,1.233993346,0,0,14,3.741657387,103,10.14889157,56,7.483314774,33,0,19,12,0,19,64,0,0.296875
Ribbon,G,Yonge,47,181,1.522739578,1.233993346,0,0,13,3.605551275,102,10.09950494,37,6.08276253,35,3,34,22,3,37,97,0.030927835,0.350515464
Ribbon,G,Yonge,47,182,1.522739578,1.233993346,0,0,23,4.795831523,125,11.18033989,52,7.211102551,28,1,54,16,1,55,100,0.01,0.54
Ribbon,G,Yonge,47,183,1.522739578,1.233993346,0,0,15,3.872983346,124,11.13552873,31,5.567764363,19,2,54,13,2,56,90,0.022222222,0.6
Ribbon,G,Yonge,47,184,1.522739578,1.233993346,0,0,26,5.099019514,91,9.539392014,28,5.291502622,50,0,27,7,1,27,85,0,0.317647059
Ribbon,G,Day,48,185,0.682016587,0.825842955,1,1,6,2.449489743,65,8.062257748,24,4.898979486,37,2,19,27,2,21,87,0.022988506,0.218390805
Ribbon,G,Day,48,186,0.682016587,0.825842955,0,0,9,3,128,11.3137085,44,6.633249581,31,0,34,22,0,34,87,0,0.390804598
Ribbon,G,Day,48,187,0.682016587,0.825842955,0,0,6,2.449489743,129,11.35781669,19,4.358898944,22,1,33,36,0,34,92,0.010869565,0.358695652
Ribbon,G,Day,48,188,0.682016587,0.825842955,0,0,6,2.449489743,131,11.44552314,25,5,17,1,23,55,0,24,96,0.010416667,0.239583333
Ribbon,G,Day,49,189,0.682016587,0.825842955,0,0,13,3.605551275,82,9.055385138,16,4,6,4,34,33,20,38,97,0.041237113,0.350515464
Ribbon,G,Day,49,190,0.682016587,0.825842955,0,0,7,2.645751311,117,10.81665383,30,5.477225575,21,4,24,30,9,28,88,0.045454545,0.272727273
Ribbon,G,Day,49,191,0.682016587,0.825842955,1,1,5,2.236067977,84,9.16515139,30,5.477225575,20,2,27,28,15,29,92,0.02173913,0.293478261
Ribbon,G,Day,49,192,0.682016587,0.825842955,0,0,9,3,102,10.09950494,25,5,16,1,30,30,6,31,83,0.012048193,0.361445783
Ribbon,G,Day,50,193,0.682016587,0.825842955,0,0,34,5.830951895,151,12.28820573,33,5.744562647,37,1,32,19,0,33,89,0.011235955,0.359550562
Ribbon,G,Day,50,194,0.682016587,0.825842955,2,1.414213562,39,6.244997998,84,9.16515139,26,5.099019514,48,3,19,22,0,22,92,0.032608696,0.206521739
Ribbon,G,Day,50,195,0.682016587,0.825842955,0,0,13,3.605551275,86,9.273618495,38,6.164414003,50,1,23,14,0,24,88,0.011363636,0.261363636
Ribbon,G,Day,50,196,0.682016587,0.825842955,1,1,16,4,94,9.695359715,58,7.615773106,46,4,15,26,0,19,91,0.043956044,0.164835165
Ribbon,G,Day,51,197,0.682016587,0.825842955,2,1.414213562,11,3.31662479,141,11.87434209,39,6.244997998,23,3,22,24,15,25,87,0.034482759,0.252873563
Ribbon,G,Day,51,198,0.682016587,0.825842955,3,1.732050808,14,3.741657387,180,13.41640786,50,7.071067812,28,1,22,21,10,23,82,0.012195122,0.268292683
Ribbon,G,Day,51,199,0.682016587,0.825842955,1,1,4,2,90,9.486832981,29,5.385164807,22,4,26,28,11,30,91,0.043956044,0.285714286
Ribbon,G,Day,51,200,0.682016587,0.825842955,1,1,25,5,80,8.94427191,42,6.480740698,25,2,36,17,12,38,92,0.02173913,0.391304348
Ribbon,B,Jewell,52,201,1.16581821,1.079730619,0,0,13,3.605551275,32,5.656854249,77,8.774964387,18,1,17,17,16,18,69,0.014492754,0.246376812
Ribbon,B,Jewell,52,202,1.16581821,1.079730619,0,0,14,3.741657387,33,5.744562647,110,10.48808848,23,1,31,14,20,32,89,0.011235955,0.348314607
Ribbon,B,Jewell,52,203,1.16581821,1.079730619,0,0,8,2.828427125,37,6.08276253,68,8.246211251,24,0,29,18,20,29,91,0,0.318681319
Ribbon,B,Jewell,52,204,1.16581821,1.079730619,0,0,4,2,50,7.071067812,73,8.544003745,33,3,22,24,9,25,91,0.032967033,0.241758242
Ribbon,B,Jewell,53,205,1.16581821,1.079730619,0,0,7,2.645751311,144,12,61,7.810249676,22,1,36,13,20,37,92,0.010869565,0.391304348
Ribbon,B,Jewell,53,206,1.16581821,1.079730619,0,0,8,2.828427125,160,12.64911064,26,5.099019514,37,0,28,24,4,28,93,0,0.301075269
Ribbon,B,Jewell,53,207,1.16581821,1.079730619,1,1,13,3.605551275,138,11.74734012,37,6.08276253,31,1,39,9,4,40,84,0.011904762,0.464285714
Ribbon,B,Jewell,53,208,1.16581821,1.079730619,0,0,16,4,195,13.96424004,30,5.477225575,26,1,69,7,4,70,107,0.009345794,0.644859813
Ribbon,B,Jewell,54,209,1.16581821,1.079730619,0,0,6,2.449489743,49,7,24,4.898979486,6,0,82,5,7,82,100,0,0.82
Ribbon,B,Jewell,54,210,1.16581821,1.079730619,0,0,12,3.464101615,83,9.110433579,23,4.795831523,5,2,76,8,7,78,98,0.020408163,0.775510204
Ribbon,B,Jewell,54,211,1.16581821,1.079730619,0,0,19,4.358898944,57,7.549834435,24,4.898979486,14,1,73,6,5,74,99,0.01010101,0.737373737
Ribbon,B,Jewell,55,212,1.16581821,1.079730619,0,0,13,3.605551275,103,10.14889157,21,4.582575695,16,0,46,17,5,46,84,0,0.547619048
Ribbon,B,Jewell,55,213,1.16581821,1.079730619,0,0,19,4.358898944,117,10.81665383,26,5.099019514,19,0,41,15,3,41,78,0,0.525641026
Ribbon,B,Jewell,55,214,1.16581821,1.079730619,0,0,9,3,92,9.591663047,18,4.242640687,29,0,46,15,0,46,90,0,0.511111111
Ribbon,B,Jewell,55,215,1.16581821,1.079730619,0,0,11,3.31662479,68,8.246211251,39,6.244997998,17,0,42,12,3,42,74,0,0.567567568
Ribbon,B,Hicks,56,216,1.633247902,1.277985877,4,2,7,2.645751311,102,10.09950494,42,6.480740698,46,6,6,20,0,12,78,0.076923077,0.076923077
Ribbon,B,Hicks,56,217,1.633247902,1.277985877,0,0,13,3.605551275,105,10.24695077,23,4.795831523,24,0,23,9,20,23,76,0,0.302631579
Ribbon,B,Hicks,56,218,1.633247902,1.277985877,0,0,11,3.31662479,128,11.3137085,62,7.874007874,36,1,21,16,6,22,80,0.0125,0.2625
Ribbon,B,Hicks,56,219,1.633247902,1.277985877,0,0,66,8.124038405,96,9.797958971,24,4.898979486,41,0,8,21,0,8,70,0,0.114285714
Ribbon,B,Hicks,57,220,1.633247902,1.277985877,0,0,13,3.605551275,72,8.485281374,31,5.567764363,57,2,8,15,0,10,82,0.024390244,0.097560976
Ribbon,B,Hicks,57,221,1.633247902,1.277985877,0,0,6,2.449489743,134,11.5758369,18,4.242640687,38,5,20,18,1,25,82,0.06097561,0.243902439
Ribbon,B,Hicks,57,222,1.633247902,1.277985877,0,0,5,2.236067977,154,12.40967365,29,5.385164807,55,2,5,17,0,7,79,0.025316456,0.063291139
Ribbon,B,Hicks,57,223,1.633247902,1.277985877,0,0,10,3.16227766,101,10.04987562,20,4.472135955,34,1,17,23,8,18,83,0.012048193,0.204819277
Ribbon,B,Hicks,58,224,1.633247902,1.277985877,0,0,11,3.31662479,134,11.5758369,26,5.099019514,34,2,27,17,8,29,88,0.022727273,0.306818182
Ribbon,B,Hicks,58,225,1.633247902,1.277985877,0,0,46,6.782329983,102,10.09950494,72,8.485281374,38,0,29,19,3,29,89,0,0.325842697
Ribbon,B,Hicks,58,226,1.633247902,1.277985877,0,0,20,4.472135955,178,13.34166406,30,5.477225575,42,3,16,14,8,19,83,0.036144578,0.192771084
Ribbon,B,Hicks,58,227,1.633247902,1.277985877,2,1.414213562,11,3.31662479,195,13.96424004,49,7,29,6,31,19,4,37,89,0.06741573,0.348314607
,,,,,,,,,,,,,,,,,,,,,,,
,,,,,,,,,,,,,,,,,,,,,,0.019256697,0.304930672